{
    "loss": 0.2710821032524109,
    "accuracy": 0.8919102549552917
}